<?xml version="1.0" encoding="UTF-8"?>

<ImplementationGuide xmlns="http://hl7.org/fhir">
  <id value="hl7.fhir.us.dme-orders"/>
  <meta>
    <versionId value="39"/>
    <lastUpdated value="2020-03-28T23:32:07.767+00:00"/>
    <source value="#LaLu87R9mazjtVnc"/>
  </meta>
  <text>
    <status value="additional"/><div xmlns="http://www.w3.org/1999/xhtml"><div style="box-sizing: border-box; color: rgb(33, 37, 41); font-family: -apple-system,BlinkMacSystemFont,&amp;quot;Segoe UI&amp;quot;,Roboto,&amp;quot;Helvetica Neue&amp;quot;,Arial,&amp;quot;Noto Sans&amp;quot;,sans-serif,&amp;quot;Apple Color Emoji&amp;quot;,&amp;quot;Segoe UI Emoji&amp;quot;,&amp;quot;Segoe UI Symbol&amp;quot;,&amp;quot;Noto Color Emoji&amp;quot;; font-size: 16px; font-style: normal; font-variant: normal; font-weight: 400; letter-spacing: normal; orphans: 2; text-align: left; text-decoration: none; text-indent: 0px; text-transform: none; -webkit-text-stroke-width: 0px; white-space: normal; word-spacing: 0px;">This is resource text</div></div>
  </text>
  <url value="http://hl7.org/fhir/us/dme-orders/ImplementationGuide/hl7.fhir.us.dme-orders"/>
  <version value="0.0.7"/>
  <name value="PostAcuteOrders4"/>
  <title value="Post-Acute FHIR Based Orders"/>
  <status value="draft"/>
  <date value="2020-03-28T23:35:20+00:00"/>
  <publisher value="HL7"/>
  <contact>
    <name value="HL7 International - Orders and Observations"/>
    <telecom>
      <system value="url"/>
      <value value="http://www.hl7.org/Special/committees/orders"/>
    </telecom>
  </contact>
  <description value="# General&#xA;This is a FHIR R4 Implementation Guide to support the electronic exchange of post acute orders along with the exchange of supporting documentation between the ordering provider and the specific supplier.&#xA;* The initial version of the implementation guide (IG) will focus on orders and documentation for Durable Medical Equipment (DME) and Home Health Services.&#xA;* This specification is currently undergoing connectathon testing. It is expected to evolve, possibly significantly, as part of that process.&#xA;&#xA;This implementation guide is the result of work sponsored by CMS&#39;s Center for Program Integrity, whose goal is to advance the ability for provider&#39;s to supply services that are medically necessary and appropriate to Medicare Beneficiaries. By enabling provider to communicate orders and supporting documentation in real-time to suppliers, beneficiaries can receive appropriate treatment more rapidly and reduce the burden on providers and suppliers to comply with documentation requirements.&#xA;&#xA;# Feedback&#xA;Comments and suggestions are welcome on our Zulip stream...&#xA;or send a note to rdieterle@enablecare.us&#xA;&#xA;# Change log&#xA;* **0.0.7b:** will update alpha with each subsequent test on 3-28-2020&#xA;* **0.0.7 (This version):** further updates that now include Code System, Value Set, US Core profile references in some PAO profiles&#xA;* **0.0.6:** Further changes to address publisher errors (not pushed to build)&#xA;* **0.0.5:** Update for tooling changes (not pushed to build)&#xA;* **0.0.4:** Cleanup versions, add known issues, and correct title &#xA;* **0.0.3:** Working build on build.fhir.org&#xA;* **0.0.2:** Update to test build on build.fhir.org &#xA;* **0.0.1:** Initial version published to the continuous build&#xA;&#xA;# Known issues and to-dos&#xA;* Still working on complex extensions that will be part of a backbone element in the ServiceRequest and DeviceRequest&#xA;* Working with other members of the team to create appropriate examples&#xA;* Need to add full examples of message bundles&#xA;* Working on specific terminologies and value sets for post-acute orders"/>
  <packageId value="hl7.fhir.us.dme-orders"/>
  <license value="CC0-1.0"/>
  <fhirVersion value="4.0.1"/>
  <dependsOn>
    <uri value="http://hl7.org/fhir/us/core/ImplementationGuide/hl7.fhir.us.core"/>
    <packageId value="hl7.fhir.us.core"/>
    <version value="current"/>
  </dependsOn>
  <definition>
    <extension url="http://hl7.org/fhir/tools/StructureDefinition/ig-parameter">
      <extension url="code">
        <valueString value="copyrightyear"/>
      </extension>
      <extension url="value">
        <valueString value="2020+"/>
      </extension>
    </extension>
    <extension url="http://hl7.org/fhir/tools/StructureDefinition/ig-parameter">
      <extension url="code">
        <valueString value="releaselabel"/>
      </extension>
      <extension url="value">
        <valueString value="CI Build"/>
      </extension>
    </extension>
    <extension url="http://hl7.org/fhir/tools/StructureDefinition/ig-parameter">
      <extension url="code">
        <valueString value="path-qa"/>
      </extension>
      <extension url="value">
        <valueString value="temp/qa"/>
      </extension>
    </extension>
    <extension url="http://hl7.org/fhir/tools/StructureDefinition/ig-parameter">
      <extension url="code">
        <valueString value="path-temp"/>
      </extension>
      <extension url="value">
        <valueString value="temp/pages"/>
      </extension>
    </extension>
    <extension url="http://hl7.org/fhir/tools/StructureDefinition/ig-parameter">
      <extension url="code">
        <valueString value="path-output"/>
      </extension>
      <extension url="value">
        <valueString value="output"/>
      </extension>
    </extension>
    <extension url="http://hl7.org/fhir/tools/StructureDefinition/ig-parameter">
      <extension url="code">
        <valueString value="path-suppressed-warnings"/>
      </extension>
      <extension url="value">
        <valueString value="input/ignoreWarnings.txt"/>
      </extension>
    </extension>
    <extension url="http://hl7.org/fhir/tools/StructureDefinition/ig-parameter">
      <extension url="code">
        <valueString value="template-html"/>
      </extension>
      <extension url="value">
        <valueString value="template-page.html"/>
      </extension>
    </extension>
    <extension url="http://hl7.org/fhir/tools/StructureDefinition/ig-parameter">
      <extension url="code">
        <valueString value="template-md"/>
      </extension>
      <extension url="value">
        <valueString value="template-page-md.html"/>
      </extension>
    </extension>
    <extension url="http://hl7.org/fhir/tools/StructureDefinition/ig-parameter">
      <extension url="code">
        <valueString value="apply-contact"/>
      </extension>
      <extension url="value">
        <valueString value="true"/>
      </extension>
    </extension>
    <extension url="http://hl7.org/fhir/tools/StructureDefinition/ig-parameter">
      <extension url="code">
        <valueString value="apply-context"/>
      </extension>
      <extension url="value">
        <valueString value="true"/>
      </extension>
    </extension>
    <extension url="http://hl7.org/fhir/tools/StructureDefinition/ig-parameter">
      <extension url="code">
        <valueString value="apply-copyright"/>
      </extension>
      <extension url="value">
        <valueString value="true"/>
      </extension>
    </extension>
    <extension url="http://hl7.org/fhir/tools/StructureDefinition/ig-parameter">
      <extension url="code">
        <valueString value="apply-jurisdiction"/>
      </extension>
      <extension url="value">
        <valueString value="true"/>
      </extension>
    </extension>
    <extension url="http://hl7.org/fhir/tools/StructureDefinition/ig-parameter">
      <extension url="code">
        <valueString value="apply-license"/>
      </extension>
      <extension url="value">
        <valueString value="true"/>
      </extension>
    </extension>
    <extension url="http://hl7.org/fhir/tools/StructureDefinition/ig-parameter">
      <extension url="code">
        <valueString value="apply-publisher"/>
      </extension>
      <extension url="value">
        <valueString value="true"/>
      </extension>
    </extension>
    <extension url="http://hl7.org/fhir/tools/StructureDefinition/ig-parameter">
      <extension url="code">
        <valueString value="apply-version"/>
      </extension>
      <extension url="value">
        <valueString value="true"/>
      </extension>
    </extension>
    <extension url="http://hl7.org/fhir/tools/StructureDefinition/ig-parameter">
      <extension url="code">
        <valueString value="active-tables"/>
      </extension>
      <extension url="value">
        <valueString value="true"/>
      </extension>
    </extension>
    <resource>
      <extension url="http://hl7.org/fhir/tools/StructureDefinition/resource-information">
        <valueString value="StructureDefinition:resource"/>
      </extension>
      <extension url="http://hl7.org/fhir/StructureDefinition/implementationguide-page">
        <valueUri value="StructureDefinition-PAO-messageheader.html"/>
      </extension>
      <reference>
        <reference value="StructureDefinition/PAO-messageheader"/>
        <display value="PAOmessageheader"/>
      </reference>
      <name value="PAOmessageheader"/>
      <description value="Post Acute Orders MessageHeader Profile"/>
      <exampleBoolean value="false"/>
    </resource>
    <resource>
      <extension url="http://hl7.org/fhir/tools/StructureDefinition/resource-information">
        <valueString value="StructureDefinition:resource"/>
      </extension>
      <extension url="http://hl7.org/fhir/StructureDefinition/implementationguide-page">
        <valueUri value="StructureDefinition-PAO-messagedefinition4.html"/>
      </extension>
      <reference>
        <reference value="StructureDefinition/PAO-messagedefinition4"/>
        <display value="PAOmessagedefinition4"/>
      </reference>
      <name value="PAOmessagedefinition4"/>
      <description value="Post Acute Orders MessageDefinition Profile"/>
      <exampleBoolean value="false"/>
    </resource>
    <resource>
      <extension url="http://hl7.org/fhir/tools/StructureDefinition/resource-information">
        <valueString value="StructureDefinition:resource"/>
      </extension>
      <extension url="http://hl7.org/fhir/StructureDefinition/implementationguide-page">
        <valueUri value="StructureDefinition-PAO-bundle4.html"/>
      </extension>
      <reference>
        <reference value="StructureDefinition/PAO-bundle4"/>
        <display value="PAObundle4"/>
      </reference>
      <name value="PAObundle4"/>
      <description value="Post Acute Orders Bundle Profile Description"/>
      <exampleBoolean value="false"/>
    </resource>
    <resource>
      <extension url="http://hl7.org/fhir/tools/StructureDefinition/resource-information">
        <valueString value="StructureDefinition:resource"/>
      </extension>
      <extension url="http://hl7.org/fhir/StructureDefinition/implementationguide-page">
        <valueUri value="StructureDefinition-PAO-task4.html"/>
      </extension>
      <reference>
        <reference value="StructureDefinition/PAO-task4"/>
        <display value="PAOtask4"/>
      </reference>
      <name value="PAOtask4"/>
      <description value="Post Acute Orders Task Profile"/>
      <exampleBoolean value="false"/>
    </resource>
    <resource>
      <extension url="http://hl7.org/fhir/tools/StructureDefinition/resource-information">
        <valueString value="StructureDefinition:resource"/>
      </extension>
      <extension url="http://hl7.org/fhir/StructureDefinition/implementationguide-page">
        <valueUri value="StructureDefinition-PAO-subscription4.html"/>
      </extension>
      <reference>
        <reference value="StructureDefinition/PAO-subscription4"/>
        <display value="PAOsubscription4"/>
      </reference>
      <name value="PAOsubscription4"/>
      <description value="Post Acute Orders Subscription Profile"/>
      <exampleBoolean value="false"/>
    </resource>
    <resource>
      <extension url="http://hl7.org/fhir/tools/StructureDefinition/resource-information">
        <valueString value="StructureDefinition:resource"/>
      </extension>
      <extension url="http://hl7.org/fhir/StructureDefinition/implementationguide-page">
        <valueUri value="StructureDefinition-PAO-servicerequest4.html"/>
      </extension>
      <reference>
        <reference value="StructureDefinition/PAO-servicerequest4"/>
        <display value="PAOservicerequest4"/>
      </reference>
      <name value="PAOservicerequest4"/>
      <description value="Post Acute Orders ServiceRequest Profile"/>
      <exampleBoolean value="false"/>
    </resource>
    <resource>
      <extension url="http://hl7.org/fhir/tools/StructureDefinition/resource-information">
        <valueString value="StructureDefinition:resource"/>
      </extension>
      <extension url="http://hl7.org/fhir/StructureDefinition/implementationguide-page">
        <valueUri value="StructureDefinition-PAO-devicerequest4.html"/>
      </extension>
      <reference>
        <reference value="StructureDefinition/PAO-devicerequest4"/>
        <display value="PAOdevicerequest4"/>
      </reference>
      <name value="PAOdevicerequest4"/>
      <description value="Post Acute Orders DeviceRequest Profile"/>
      <exampleBoolean value="false"/>
    </resource>
    <resource>
      <extension url="http://hl7.org/fhir/tools/StructureDefinition/resource-information">
        <valueString value="CodeSystem"/>
      </extension>
      <extension url="http://hl7.org/fhir/StructureDefinition/implementationguide-page">
        <valueUri value="CodeSystem-PAO-Message-Event.html"/>
      </extension>
      <reference>
        <reference value="CodeSystem/PAO-Message-Event"/>
        <display value="PAO Message Event Code System"/>
      </reference>
      <name value="PAO Message Event Code System"/>
      <description value="This is the value set for the event element in the Message Header"/>
      <exampleBoolean value="false"/>
    </resource>
    <resource>
      <extension url="http://hl7.org/fhir/tools/StructureDefinition/resource-information">
        <valueString value="ValueSet"/>
      </extension>
      <extension url="http://hl7.org/fhir/StructureDefinition/implementationguide-page">
        <valueUri value="ValueSet-PAO-Message-Event.html"/>
      </extension>
      <reference>
        <reference value="ValueSet/PAO-Message-Event"/>
        <display value="PAO Message Event Value Set"/>
      </reference>
      <name value="PAO Message Event Value Set"/>
      <description value="This is a value set for the PAO Message Event "/>
      <exampleBoolean value="false"/>
    </resource>
    <resource>
      <extension url="http://hl7.org/fhir/tools/StructureDefinition/resource-information">
        <valueString value="StructureDefinition:resource"/>
      </extension>
      <extension url="http://hl7.org/fhir/StructureDefinition/implementationguide-page">
        <valueUri value="StructureDefinition-PAO-provenance4b.html"/>
      </extension>
      <reference>
        <reference value="StructureDefinition/PAO-provenance4b"/>
        <display value="PAOprovenance4b"/>
      </reference>
      <name value="PAOprovenance4b"/>
      <description value="Provenance Profile"/>
      <exampleBoolean value="false"/>
    </resource>
    <resource>
      <extension url="http://hl7.org/fhir/tools/StructureDefinition/resource-information">
        <valueString value="StructureDefinition:extension"/>
      </extension>
      <extension url="http://hl7.org/fhir/StructureDefinition/implementationguide-page">
        <valueUri value="StructureDefinition-PAO-relevant-review-extension.html"/>
      </extension>
      <reference>
        <reference value="StructureDefinition/PAO-relevant-review-extension"/>
        <display value="PAOrelevantreviewextension"/>
      </reference>
      <name value="PAOrelevantreviewextension"/>
      <description value="This is an extension for each of the order types to define any related/relevant reviews (such as a prior authorization)"/>
      <exampleBoolean value="false"/>
    </resource>
    <resource>
      <extension url="http://hl7.org/fhir/tools/StructureDefinition/resource-information">
        <valueString value="StructureDefinition:extension"/>
      </extension>
      <extension url="http://hl7.org/fhir/StructureDefinition/implementationguide-page">
        <valueUri value="StructureDefinition-PAO-Order-Detail-Extension.html"/>
      </extension>
      <reference>
        <reference value="StructureDefinition/PAO-Order-Detail-Extension"/>
        <display value="PAOorderdetailextension"/>
      </reference>
      <name value="PAOorderdetailextension"/>
      <description value="Order Detail"/>
      <exampleBoolean value="false"/>
    </resource>
    <resource>
      <extension url="http://hl7.org/fhir/tools/StructureDefinition/resource-information">
        <valueString value="StructureDefinition:resource"/>
      </extension>
      <extension url="http://hl7.org/fhir/StructureDefinition/implementationguide-page">
        <valueUri value="StructureDefinition-PAO-medication-request.html"/>
      </extension>
      <reference>
        <reference value="StructureDefinition/PAO-medication-request"/>
        <display value="PAOmedicationrequest"/>
      </reference>
      <name value="PAOmedicationrequest"/>
      <description value="PAO MedicationRequest profile based on us-core"/>
      <exampleBoolean value="false"/>
    </resource>
    <resource>
      <extension url="http://hl7.org/fhir/tools/StructureDefinition/resource-information">
        <valueString value="StructureDefinition:resource"/>
      </extension>
      <extension url="http://hl7.org/fhir/StructureDefinition/implementationguide-page">
        <valueUri value="StructureDefinition-PAO-Medication.html"/>
      </extension>
      <reference>
        <reference value="StructureDefinition/PAO-Medication"/>
        <display value="PAOMedication"/>
      </reference>
      <name value="PAOMedication"/>
      <description value="PAO Medication profile from us-core"/>
      <exampleBoolean value="false"/>
    </resource>
    <page>
      <nameUrl value="index.html"/>
      <title value="IG Home Page"/>
      <generation value="markdown"/>
      <page>
        <nameUrl value="Post-AcuteOrdersHome.html"/>
        <title value="Post-Acute Orders Home"/>
        <generation value="markdown"/>
        <page>
          <nameUrl value="Background.html"/>
          <title value="Background"/>
          <generation value="markdown"/>
        </page>
        <page>
          <nameUrl value="Workflow.html"/>
          <title value="Workflow"/>
          <generation value="markdown"/>
        </page>
        <page>
          <nameUrl value="TechnicalBackground.html"/>
          <title value="Technical Background"/>
          <generation value="markdown"/>
        </page>
        <page>
          <nameUrl value="FHIRArtifacts.html"/>
          <title value="FHIR Artifacts"/>
          <generation value="markdown"/>
        </page>
        <page>
          <nameUrl value="Submission.html"/>
          <title value="Submission"/>
          <generation value="markdown"/>
        </page>
        <page>
          <nameUrl value="MessageBundles.html"/>
          <title value="Message Bundles"/>
          <generation value="markdown"/>
        </page>
        <page>
          <nameUrl value="TestPage.html"/>
          <title value="Test Page"/>
          <generation value="markdown"/>
        </page>
      </page>
    </page>
    <parameter>
      <code value="path-resource"/>
      <value value="input/capabilities"/>
    </parameter>
    <parameter>
      <code value="path-resource"/>
      <value value="input/examples"/>
    </parameter>
    <parameter>
      <code value="path-resource"/>
      <value value="input/extensions"/>
    </parameter>
    <parameter>
      <code value="path-resource"/>
      <value value="input/models"/>
    </parameter>
    <parameter>
      <code value="path-resource"/>
      <value value="input/operations"/>
    </parameter>
    <parameter>
      <code value="path-resource"/>
      <value value="input/profiles"/>
    </parameter>
    <parameter>
      <code value="path-resource"/>
      <value value="input/resources"/>
    </parameter>
    <parameter>
      <code value="path-resource"/>
      <value value="input/vocabulary"/>
    </parameter>
    <parameter>
      <code value="path-resource"/>
      <value value="input/maps"/>
    </parameter>
    <parameter>
      <code value="path-pages"/>
      <value value="template/config"/>
    </parameter>
    <parameter>
      <code value="path-pages"/>
      <value value="input/images"/>
    </parameter>
    <parameter>
      <code value="path-tx-cache"/>
      <value value="input-cache/txcache"/>
    </parameter>
  </definition>
</ImplementationGuide>