<?xml version="1.0" encoding="UTF-8"?>

<ValueSet xmlns="http://hl7.org/fhir">
  <id value="PAO-Message-Event"/>
  <meta>
    <versionId value="12"/>
    <lastUpdated value="2020-03-28T23:31:11.850+00:00"/>
    <source value="#cfXWuorFsl0NnCGK"/>
  </meta>
  <text>
    <status value="additional"/><div xmlns="http://www.w3.org/1999/xhtml"><div style="box-sizing: border-box; color: rgb(33, 37, 41); font-family: -apple-system,BlinkMacSystemFont,&amp;quot;Segoe UI&amp;quot;,Roboto,&amp;quot;Helvetica Neue&amp;quot;,Arial,&amp;quot;Noto Sans&amp;quot;,sans-serif,&amp;quot;Apple Color Emoji&amp;quot;,&amp;quot;Segoe UI Emoji&amp;quot;,&amp;quot;Segoe UI Symbol&amp;quot;,&amp;quot;Noto Color Emoji&amp;quot;; font-size: 16px; font-style: normal; font-variant: normal; font-weight: 400; letter-spacing: normal; orphans: 2; text-align: left; text-decoration: none; text-indent: 0px; text-transform: none; -webkit-text-stroke-width: 0px; white-space: normal; word-spacing: 0px;">This is resource text</div></div>
  </text>
  <url value="http://hl7.org/fhir/us/dme-orders/ValueSet/PAO-Message-Event"/>
  <version value="0.0.7"/>
  <name value="PAOMessageEvent"/>
  <title value="PAO Message Event Value Set"/>
  <status value="draft"/>
  <date value="2020-03-30T00:25:11+00:00"/>
  <publisher value="HL7"/>
  <contact>
    <name value="HL7 International - Orders and Observations"/>
    <telecom>
      <system value="url"/>
      <value value="http://www.hl7.org/Special/committees/orders"/>
    </telecom>
  </contact>
  <description value="This is a value set for the PAO Message Event "/>
  <compose>
    <include>
      <system value="http://hl7.org/fhir/us/dme-orders/CodeSystem/PAO-Message-Event"/>
      <concept>
        <code value="InitialOrder"/>
      </concept>
      <concept>
        <code value="OrderUpdate"/>
      </concept>
      <concept>
        <code value="OrderCancel"/>
      </concept>
      <concept>
        <code value="OrderStatus"/>
      </concept>
    </include>
  </compose>
</ValueSet>