<?xml version="1.0" encoding="UTF-8"?>

<Bundle xmlns="http://hl7.org/fhir">
  <id value="97f9ecea-a93e-42b6-8a73-8bc76af56d03"/>
  <meta>
    <lastUpdated value="2020-03-29T15:47:28.866+00:00"/>
  </meta>
  <type value="collection"/>
  <entry>
    <fullUrl value="http://hl7.org/fhir/us/dme-orders/ValueSet/PAO-Message-Event"/>
    <resource>
      <ValueSet>
        <id value="PAO-Message-Event"/>
        <meta>
          <versionId value="12"/>
          <lastUpdated value="2020-03-28T23:31:11.850+00:00"/>
          <source value="#cfXWuorFsl0NnCGK"/>
        </meta>
        <text>
          <status value="generated"/>
          <div xmlns="http://www.w3.org/1999/xhtml">
            <p>This value set contains 4 concepts</p>
            <p style="border: black 1px dotted; background-color: #EEEEEE; padding: 8px">Expansion based on http://hl7.org/fhir/us/dme-orders/CodeSystem/PAO-Message-Event version 0.0.7</p>
            <p>All codes from system 
              <a href="CodeSystem-PAO-Message-Event.html">
                <code>http://hl7.org/fhir/us/dme-orders/CodeSystem/PAO-Message-Event</code>
              </a>
            </p>
            <table class="codes">
              <tr>
                <td style="white-space:nowrap">
                  <b>Code</b>
                </td>
                <td>
                  <b>Display</b>
                </td>
                <td>
                  <b>Definition</b>
                </td>
              </tr>
              <tr>
                <td style="white-space:nowrap">
                  <a name="http---hl7.org-fhir-us-dme-orders-CodeSystem-PAO-Message-Event-InitialOrder"> </a>
                  <a href="CodeSystem-PAO-Message-Event.html#PAO-Message-Event-InitialOrder">InitialOrder</a>
                </td>
                <td>Initial Order</td>
                <td>Initial order for Post Acute services</td>
              </tr>
              <tr>
                <td style="white-space:nowrap">
                  <a name="http---hl7.org-fhir-us-dme-orders-CodeSystem-PAO-Message-Event-OrderUpdate"> </a>
                  <a href="CodeSystem-PAO-Message-Event.html#PAO-Message-Event-OrderUpdate">OrderUpdate</a>
                </td>
                <td>Order Update</td>
                <td>Update to an order (may be declined)</td>
              </tr>
              <tr>
                <td style="white-space:nowrap">
                  <a name="http---hl7.org-fhir-us-dme-orders-CodeSystem-PAO-Message-Event-OrderCancel"> </a>
                  <a href="CodeSystem-PAO-Message-Event.html#PAO-Message-Event-OrderCancel">OrderCancel</a>
                </td>
                <td>Order Cancel</td>
                <td>Cancel an order (may be declined if done)</td>
              </tr>
              <tr>
                <td style="white-space:nowrap">
                  <a name="http---hl7.org-fhir-us-dme-orders-CodeSystem-PAO-Message-Event-OrderStatus"> </a>
                  <a href="CodeSystem-PAO-Message-Event.html#PAO-Message-Event-OrderStatus">OrderStatus</a>
                </td>
                <td>Order Status</td>
                <td>Request for the status of the order</td>
              </tr>
            </table>
          </div>
        </text>
        <url value="http://hl7.org/fhir/us/dme-orders/ValueSet/PAO-Message-Event"/>
        <version value="0.0.7"/>
        <name value="PAOMessageEvent"/>
        <title value="PAO Message Event Value Set"/>
        <status value="draft"/>
        <date value="2020-03-29T15:47:28+00:00"/>
        <publisher value="HL7"/>
        <contact>
          <name value="HL7 International - Orders and Observations"/>
          <telecom>
            <system value="url"/>
            <value value="http://www.hl7.org/Special/committees/orders"/>
          </telecom>
        </contact>
        <description value="This is a value set for the PAO Message Event "/>
        <expansion>
          <identifier value="urn:uuid:d636305d-3cf0-4a1c-8646-19cb3babd3e1"/>
          <timestamp value="2020-03-29T15:47:37+00:00"/>
          <total value="4"/>
          <parameter>
            <name value="excludeNested"/>
            <valueBoolean value="false"/>
          </parameter>
          <parameter>
            <name value="version"/>
            <valueUri value="http://hl7.org/fhir/us/dme-orders/CodeSystem/PAO-Message-Event|0.0.7"/>
          </parameter>
          <contains>
            <system value="http://hl7.org/fhir/us/dme-orders/CodeSystem/PAO-Message-Event"/>
            <code value="InitialOrder"/>
            <display value="Initial Order"/>
          </contains>
          <contains>
            <system value="http://hl7.org/fhir/us/dme-orders/CodeSystem/PAO-Message-Event"/>
            <code value="OrderUpdate"/>
            <display value="Order Update"/>
          </contains>
          <contains>
            <system value="http://hl7.org/fhir/us/dme-orders/CodeSystem/PAO-Message-Event"/>
            <code value="OrderCancel"/>
            <display value="Order Cancel"/>
          </contains>
          <contains>
            <system value="http://hl7.org/fhir/us/dme-orders/CodeSystem/PAO-Message-Event"/>
            <code value="OrderStatus"/>
            <display value="Order Status"/>
          </contains>
        </expansion>
      </ValueSet>
    </resource>
  </entry>
</Bundle>