{
  "package": "hl7.fhir.us.dme-orders",
  "version": "0.0.4",
  "fhirVersion": "4.0.0",
  "extensions": [],
  "profiles": {
    "Bundle": [
      {
        "url": "http://hl7.org/fhir/us/dme-orders/StructureDefinition/PAO-bundle4",
        "title": "PAO Bundle Profile"
      }
    ],
    "DeviceDefinition": [
      {
        "url": "http://hl7.org/fhir/us/dme-orders/StructureDefinition/PAO-devicedefinition4",
        "title": "PAO DeviceDefinition Profile"
      }
    ],
    "DeviceRequest": [
      {
        "url": "http://hl7.org/fhir/us/dme-orders/StructureDefinition/PAO-devicerequest4",
        "title": "PAO DeviceRequest Profile"
      }
    ],
    "MessageDefinition": [
      {
        "url": "http://hl7.org/fhir/us/dme-orders/StructureDefinition/PAO-messagedefinition4",
        "title": "PAO MessageDefinition Profile"
      }
    ],
    "MessageHeader": [
      {
        "url": "http://hl7.org/fhir/us/dme-orders/StructureDefinition/PAO-messageheader",
        "title": "PAO MessageHeader Profile"
      }
    ],
    "Provenance": [
      {
        "url": "http://hl7.org/fhir/us/dme-orders/StructureDefinition/PAO-provenance4",
        "title": "PAO Provenance Profile"
      }
    ],
    "ServiceRequest": [
      {
        "url": "http://hl7.org/fhir/us/dme-orders/StructureDefinition/PAO-servicerequest4",
        "title": "PAO ServiceRequest Profile"
      }
    ],
    "Subscription": [
      {
        "url": "http://hl7.org/fhir/us/dme-orders/StructureDefinition/PAO-subscription4",
        "title": "PAO Subscription Profile"
      }
    ],
    "Task": [
      {
        "url": "http://hl7.org/fhir/us/dme-orders/StructureDefinition/PAO-task4",
        "title": "PAO Task Profile"
      }
    ]
  },
  "usage": {
    "http://hl7.org/fhir/StructureDefinition/elementdefinition-bestpractice": [
      "StructureDefinition.snapshot.element.constraint"
    ],
    "http://hl7.org/fhir/StructureDefinition/elementdefinition-bestpractice-explanation": [
      "StructureDefinition.snapshot.element.constraint"
    ],
    "http://hl7.org/fhir/StructureDefinition/elementdefinition-bindingName": [
      "StructureDefinition.snapshot.element.binding"
    ],
    "http://hl7.org/fhir/StructureDefinition/elementdefinition-isCommonBinding": [
      "StructureDefinition.snapshot.element.binding"
    ],
    "http://hl7.org/fhir/StructureDefinition/elementdefinition-maxValueSet": [
      "StructureDefinition.snapshot.element.binding"
    ],
    "http://hl7.org/fhir/StructureDefinition/structuredefinition-explicit-type-name": [
      "StructureDefinition.snapshot.element"
    ],
    "http://hl7.org/fhir/StructureDefinition/structuredefinition-fhir-type": [
      "StructureDefinition.snapshot.element.type"
    ],
    "http://hl7.org/fhir/StructureDefinition/structuredefinition-standards-status": [
      "StructureDefinition.snapshot.element"
    ],
    "http://hl7.org/fhir/tools/StructureDefinition/resource-information": [
      "ImplementationGuide.definition.resource"
    ]
  }
}