{"resourceType":"ImplementationGuide","id":"hl7.fhir.us.dme-orders","meta":{"versionId":"6","lastUpdated":"2019-12-31T15:12:56.000-05:00"},"text":{"status":"generated","div":"<div xmlns=\"http://www.w3.org/1999/xhtml\"><h2>PostAcuteOrders4</h2><p>The official URL for this implementation guide is: </p><pre>http://hl7.org/fhir/us/dme-orders/ImplementationGuide/hl7.fhir.us.dme-orders</pre><div><h1>General</h1>\n<p>This is a FHIR R4 Implementation Guide to support the electronic exchange of post acute orders along with the exchange of supporting documentation between the ordering provider and the specific supplier.</p>\n<ul>\n<li>The initial version of the implementation guide (IG) will focus on orders and documentation for Durable Medical Equipment (DME) and Home Health Services.</li>\n<li>This specification is currently undergoing connectathon testing. It is expected to evolve, possibly significantly, as part of that process.</li>\n</ul>\n<p>This implementation guide is the result of work sponsored by CMS's Center for Program Integrity, whose goal is to advance the ability for provider's to supply services that are medically necessary and appropriate to Medicare Beneficiaries. By enabling provider to communicate orders and supporting documentation in real-time to suppliers, beneficiaries can receive appropriate treatment more rapidly and reduce the burden on providers and suppliers to comply with documentation requirements.</p>\n<h1>Feedback</h1>\n<p>Comments and suggestions are welcome on our Zulip stream...\nor send a note to rdieterle@enablecare.us</p>\n<h1>Change log</h1>\n<p><strong>0.0.2 (This version):</strong> Update to test build on build.fhir.org\n<strong>0.0.1:</strong> Initial version published to the continuous build</p>\n<h1>Known issues and to-dos</h1>\n<ul>\n<li>Still working on complex extensions that will be part of a backbone element in the ServiceRequest and DeviceRequest</li>\n<li>Working with other members of the team to create appropriate examples</li>\n</ul>\n</div></div>"},"url":"http://hl7.org/fhir/us/dme-orders/ImplementationGuide/hl7.fhir.us.dme-orders","version":"0.0.1","name":"PostAcuteOrders4","title":"Post Acute FHIR based orders","status":"draft","date":"2019-12-31T15:25:37-05:00","publisher":"HL7","description":"# General\nThis is a FHIR R4 Implementation Guide to support the electronic exchange of post acute orders along with the exchange of supporting documentation between the ordering provider and the specific supplier.\n* The initial version of the implementation guide (IG) will focus on orders and documentation for Durable Medical Equipment (DME) and Home Health Services.\n* This specification is currently undergoing connectathon testing. It is expected to evolve, possibly significantly, as part of that process.\n\nThis implementation guide is the result of work sponsored by CMS's Center for Program Integrity, whose goal is to advance the ability for provider's to supply services that are medically necessary and appropriate to Medicare Beneficiaries. By enabling provider to communicate orders and supporting documentation in real-time to suppliers, beneficiaries can receive appropriate treatment more rapidly and reduce the burden on providers and suppliers to comply with documentation requirements.\n\n# Feedback\nComments and suggestions are welcome on our Zulip stream...\nor send a note to rdieterle@enablecare.us\n\n# Change log\n**0.0.2 (This version):** Update to test build on build.fhir.org \n**0.0.1:** Initial version published to the continuous build\n\n# Known issues and to-dos\n* Still working on complex extensions that will be part of a backbone element in the ServiceRequest and DeviceRequest\n* Working with other members of the team to create appropriate examples","packageId":"hl7.fhir.us.dme-orders","license":"CC0-1.0","fhirVersion":["4.0.0"],"dependsOn":[{"uri":"http://hl7.org/fhir/us/core/ImplementationGuide/hl7.fhir.us.core","packageId":"hl7.fhir.us.core","version":"current"}],"definition":{"resource":[{"extension":[{"url":"http://hl7.org/fhir/StructureDefinition/implementationguide-page","valueUri":"StructureDefinition-PAO-messageheader.html"}],"reference":{"reference":"StructureDefinition/PAO-messageheader","display":"PAOmessageheader"},"name":"PAOmessageheader","exampleBoolean":false}],"page":{"nameUrl":"toc.md","title":"Table of Contents","generation":"generated","page":[{"nameUrl":"Background.html","title":"Background","generation":"markdown"}]}}}